<xml xmlns="http://www.w3.org/1999/xhtml">
  <variables></variables>
  <block type="graph5" id="NT!%eX,Jd3`)%0/;eyP7" x="11" y="-15">
    <value name="graph5">
      <block type="power" id="o8_98gu?hcKzWwdn/{1g"></block>
    </value>
    <next>
      <block type="graph6" id="+w392`s+t/mDpDHnRFzp">
        <value name="graph6">
          <block type="maxpower" id="3-UNwK77vN#DPH_4pIlf"></block>
        </value>
        <next>
          <block type="graph1" id="}oMSf}LY[V)n)_TI#$}1">
            <value name="graph1">
              <block type="math_arithmetic" id="Jm4azt_r`MKk}h:5L(}h">
                <field name="OP">MINUS</field>
                <value name="A">
                  <shadow type="math_number" id="M+DjCj@SF^3M8Y??hhC{">
                    <field name="NUM">1</field>
                  </shadow>
                  <block type="sensorTL" id="LFL.k%8oYmp!ja%_Tgm/"></block>
                </value>
                <value name="B">
                  <shadow type="math_number" id="jkHN8*i#@h]GsVG38/eO">
                    <field name="NUM">1</field>
                  </shadow>
                </value>
              </block>
            </value>
            <next>
              <block type="graph2" id="s4mB0[L0n,Rhkp06Bx+G">
                <value name="graph2">
                  <block type="math_arithmetic" id="AT$~|P~u66.dhcW.75dI">
                    <field name="OP">MINUS</field>
                    <value name="A">
                      <shadow type="math_number" id="tbz9kbl/x*[Z?9h_DzLz">
                        <field name="NUM">1</field>
                      </shadow>
                      <block type="sensorTR" id="kN9_?Vv~cmsT$M1*,PeP"></block>
                    </value>
                    <value name="B">
                      <shadow type="math_number" id="w@mlOwD=#L.rFPEb9}qt">
                        <field name="NUM">1</field>
                      </shadow>
                    </value>
                  </block>
                </value>
                <next>
                  <block type="graph4" id="`F?a{k)/jFRG;S5*u)zX">
                    <value name="graph4">
                      <block type="math_arithmetic" id="L7yn_+OzTSj3=//H]dx2">
                        <field name="OP">MINUS</field>
                        <value name="A">
                          <shadow type="math_number" id="0@Blm~xW||u$q4*49d{f">
                            <field name="NUM">1</field>
                          </shadow>
                          <block type="sensorBL" id="nx*_VL%J*p=IdRYIQTb`"></block>
                        </value>
                        <value name="B">
                          <shadow type="math_number" id=":R{t9#t!rE7E/W.lbcy=">
                            <field name="NUM">1</field>
                          </shadow>
                        </value>
                      </block>
                    </value>
                    <next>
                      <block type="graph3" id="wvh#`qbM]s~VTJAlnR!e">
                        <value name="graph3">
                          <block type="math_arithmetic" id="T@0N5znx~~QidX?i)VmA">
                            <field name="OP">MINUS</field>
                            <value name="A">
                              <shadow type="math_number" id="]wl.]pmAU!pV.JWs|#Xt">
                                <field name="NUM">1</field>
                              </shadow>
                              <block type="sensorBR" id="1+%hRkeVftSd@]uiJgmx"></block>
                            </value>
                            <value name="B">
                              <shadow type="math_number" id="O|aXzLv?|%aCO)N)i3su">
                                <field name="NUM">1</field>
                              </shadow>
                            </value>
                          </block>
                        </value>
                        <next>
                          <block type="panelAlt" id="+e[`TDX9=db}SO6)8jpn">
                            <value name="panelAlt">
                              <block type="math_number" id="8ab]Hm1=H^[hJ0pK5R=Q">
                                <field name="NUM">0.0</field>
                              </block>
                            </value>
                            <next>
                              <block type="panelAzi" id="49EUnA|qPt01(Y~.V[)d">
                                <value name="panelAzi">
                                  <block type="math_arithmetic" id="~#6:lDhm9H`zZ~!-`%c4">
                                    <field name="OP">ADD</field>
                                    <value name="A">
                                      <shadow type="math_number" id="uXqk[kuM$6d+2}@Zv[q(">
                                        <field name="NUM">1</field>
                                      </shadow>
                                      <block type="panelTurnIn" id="I$2P}(mmX99U~0UvRu-}"></block>
                                    </value>
                                    <value name="B">
                                      <shadow type="math_number" id="C0i7w^J}lw!yQLqhK/sH">
                                        <field name="NUM">0.0</field>
                                      </shadow>
                                    </value>
                                  </block>
                                </value>
                              </block>
                            </next>
                          </block>
                        </next>
                      </block>
                    </next>
                  </block>
                </next>
              </block>
            </next>
          </block>
        </next>
      </block>
    </next>
  </block>
</xml>



